Keywords; Related sections
Standard deviation (SD); 01B
Radius of gyration; 01C
Protein Data Bank (PDB); 01C
Stirling's approximation; 01C
Gene regulatory circuits; 02A
Odinary differential equation (ODE); 02A
Hill function; 02A
Euler method; 02B
Taylor expansion; 02B
Heun's method; 02B
Runge-Kutta method; 02B, 02F, 03A
Root mean square deviation (RMSD); 02B 
Multistability; 02C
Effective potential; 02C, 03E
Trapezoidal rule; 02C
Bifurcation; 02D, 03C
Numerical continuation; 02D, 03A, 03F
Newton's method; 02D
Delayed differential equation (DDE); 02E
Hysteresis; 02F
Phase plane; 03A
Nullcline; 03A
Separation of variables; 03A
Contour method; 03A
Line intersection; 03B
Jacobian; 03B
Eigenvalue problem; 03B
Separatrix; 03D
